Status code,IP address with port number
403,104.17.156.185:80
403,104.17.156.185:443
400,104.17.156.185:8443
403,104.17.156.185:8080
Status code,IP address with port number
Status code,IP address with port number
400,104.120.92.125:80
400,104.120.92.125:443
Status code,IP address with port number
400,104.120.92.125:80
400,104.120.92.125:443
Status code,IP address with port number
400,104.120.92.7:80
400,104.120.92.7:443
400,104.120.92.8:80
400,104.120.92.8:443
400,104.120.92.9:80
400,104.120.92.10:443
400,104.120.92.12:80
400,104.120.92.10:80
400,104.120.92.14:80
400,104.120.92.9:443
400,104.120.92.11:443
400,104.120.92.11:80
400,104.120.92.13:80
400,104.120.92.14:443
400,104.120.92.12:443
400,104.120.92.13:443
400,104.120.92.15:443
400,104.120.92.15:80
400,104.120.92.18:80
400,104.120.92.17:80
400,104.120.92.17:443
400,104.120.92.18:443
400,104.120.92.19:80
400,104.120.92.21:80
400,104.120.92.20:443
400,104.120.92.19:443
400,104.120.92.21:443
400,104.120.92.20:80
400,104.120.92.22:443
400,104.120.92.22:80
200,104.120.92.16:443
200,104.120.92.16:80
400,104.120.92.23:80
400,104.120.92.23:443
400,104.120.92.24:443
400,104.120.92.24:80
400,104.120.92.25:80
400,104.120.92.25:443
400,104.120.92.26:443
400,104.120.92.26:80
400,104.120.92.27:443
400,104.120.92.28:80
400,104.120.92.27:80
400,104.120.92.28:443
400,104.120.92.29:80
400,104.120.92.29:443
400,104.120.92.30:80
400,104.120.92.30:443
400,104.120.92.31:443
400,104.120.92.31:80
400,104.120.92.32:80
400,104.120.92.32:443
400,104.120.92.33:80
400,104.120.92.33:443
400,104.120.92.34:443
400,104.120.92.34:80
400,104.120.92.35:80
400,104.120.92.35:443
400,104.120.92.36:443
400,104.120.92.36:80
400,104.120.92.37:80
400,104.120.92.37:443
400,104.120.92.38:80
400,104.120.92.38:443
400,104.120.92.39:80
400,104.120.92.39:443
400,104.120.92.40:443
400,104.120.92.41:443
400,104.120.92.40:80
400,104.120.92.41:80
400,104.120.92.42:443
400,104.120.92.42:80
400,104.120.92.43:443
400,104.120.92.43:80
400,104.120.92.44:80
400,104.120.92.44:443
400,104.120.92.45:80
400,104.120.92.45:443
400,104.120.92.46:443
400,104.120.92.46:80
400,104.120.92.47:443
400,104.120.92.47:80
400,104.120.92.48:443
400,104.120.92.48:80
400,104.120.92.49:443
400,104.120.92.49:80
400,104.120.92.50:443
400,104.120.92.50:80
400,104.120.92.51:80
400,104.120.92.51:443
400,104.120.92.52:80
400,104.120.92.52:443
400,104.120.92.53:443
400,104.120.92.53:80
400,104.120.92.54:80
400,104.120.92.54:443
400,104.120.92.55:443
400,104.120.92.55:80
400,104.120.92.56:443
400,104.120.92.56:80
400,104.120.92.57:443
400,104.120.92.57:80
400,104.120.92.58:443
400,104.120.92.58:80
400,104.120.92.59:443
400,104.120.92.59:80
400,104.120.92.60:80
400,104.120.92.60:443
400,104.120.92.61:80
400,104.120.92.61:443
400,104.120.92.62:443
400,104.120.92.62:80
400,104.120.92.63:80
400,104.120.92.63:443
400,104.120.92.64:80
400,104.120.92.64:443
400,104.120.92.65:80
400,104.120.92.65:443
400,104.120.92.66:443
400,104.120.92.66:80
400,104.120.92.67:80
400,104.120.92.67:443
400,104.120.92.68:443
400,104.120.92.68:80
400,104.120.92.69:443
400,104.120.92.69:80
400,104.120.92.70:80
400,104.120.92.70:443
400,104.120.92.71:443
400,104.120.92.71:80
400,104.120.92.72:443
400,104.120.92.72:80
400,104.120.92.73:443
400,104.120.92.73:80
400,104.120.92.74:443
400,104.120.92.74:80
400,104.120.92.75:80
400,104.120.92.75:443
400,104.120.92.76:80
400,104.120.92.76:443
400,104.120.92.77:443
400,104.120.92.77:80
400,104.120.92.78:443
400,104.120.92.78:80
400,104.120.92.79:443
400,104.120.92.79:80
400,104.120.92.80:443
400,104.120.92.80:80
400,104.120.92.81:443
400,104.120.92.81:80
400,104.120.92.82:80
400,104.120.92.82:443
400,104.120.92.83:80
400,104.120.92.83:443
400,104.120.92.84:80
400,104.120.92.84:443
400,104.120.92.85:443
400,104.120.92.85:80
400,104.120.92.86:443
400,104.120.92.86:80
400,104.120.92.87:80
400,104.120.92.87:443
400,104.120.92.88:80
400,104.120.92.88:443
400,104.120.92.89:80
400,104.120.92.89:443
400,104.120.92.90:80
400,104.120.92.90:443
400,104.120.92.91:80
400,104.120.92.91:443
400,104.120.92.92:80
400,104.120.92.92:443
400,104.120.92.93:443
400,104.120.92.93:80
400,104.120.92.94:80
400,104.120.92.94:443
400,104.120.92.95:443
400,104.120.92.95:80
400,104.120.92.96:80
400,104.120.92.96:443
400,104.120.92.97:443
400,104.120.92.97:80
400,104.120.92.98:80
400,104.120.92.98:443
400,104.120.92.99:80
400,104.120.92.99:443
400,104.120.92.100:80
400,104.120.92.100:443
400,104.120.92.101:443
400,104.120.92.101:80
400,104.120.92.102:80
400,104.120.92.102:443
400,104.120.92.103:443
400,104.120.92.103:80
400,104.120.92.104:80
400,104.120.92.104:443
400,104.120.92.105:80
400,104.120.92.105:443
400,104.120.92.106:80
400,104.120.92.106:443
400,104.120.92.107:443
400,104.120.92.107:80
400,104.120.92.108:443
400,104.120.92.108:80
400,104.120.92.109:80
400,104.120.92.109:443
400,104.120.92.110:80
400,104.120.92.110:443
400,104.120.92.111:80
400,104.120.92.111:443
200,104.120.92.112:80
400,104.120.92.113:80
200,104.120.92.112:443
400,104.120.92.113:443
400,104.120.92.114:443
400,104.120.92.114:80
400,104.120.92.115:80
400,104.120.92.115:443
400,104.120.92.116:80
400,104.120.92.116:443
400,104.120.92.117:80
400,104.120.92.117:443
400,104.120.92.118:80
400,104.120.92.118:443
400,104.120.92.119:443
400,104.120.92.119:80
400,104.120.92.120:80
400,104.120.92.120:443
400,104.120.92.121:80
400,104.120.92.121:443
400,104.120.92.122:443
400,104.120.92.122:80
400,104.120.92.123:443
400,104.120.92.123:80
400,104.120.92.124:80
400,104.120.92.124:443
400,104.120.92.125:80
400,104.120.92.125:443
400,104.120.92.126:80
400,104.120.92.126:443
400,104.120.92.127:80
400,104.120.92.127:443
400,104.120.92.128:80
400,104.120.92.128:443
400,104.120.92.129:443
400,104.120.92.129:80
400,104.120.92.130:443
400,104.120.92.130:80
400,104.120.92.131:80
400,104.120.92.131:443
400,104.120.92.132:80
400,104.120.92.132:443
400,104.120.92.133:80
400,104.120.92.133:443
400,104.120.92.134:443
400,104.120.92.134:80
400,104.120.92.135:443
400,104.120.92.135:80
400,104.120.92.136:80
400,104.120.92.136:443
400,104.120.92.137:80
400,104.120.92.137:443
400,104.120.92.138:80
400,104.120.92.138:443
400,104.120.92.139:80
400,104.120.92.139:443
400,104.120.92.140:443
400,104.120.92.140:80
400,104.120.92.141:443
400,104.120.92.141:80
400,104.120.92.142:80
400,104.120.92.142:443
400,104.120.92.143:80
400,104.120.92.143:443
400,104.120.92.144:80
400,104.120.92.144:443
400,104.120.92.145:80
400,104.120.92.145:443
400,104.120.92.146:80
400,104.120.92.146:443
400,104.120.92.147:80
400,104.120.92.147:443
400,104.120.92.148:80
400,104.120.92.148:443
400,104.120.92.149:443
400,104.120.92.149:80
400,104.120.92.150:80
400,104.120.92.150:443
400,104.120.92.151:443
400,104.120.92.151:80
400,104.120.92.152:80
400,104.120.92.152:443
400,104.120.92.153:80
400,104.120.92.153:443
400,104.120.92.154:80
400,104.120.92.154:443
400,104.120.92.155:80
400,104.120.92.155:443
400,104.120.92.156:80
400,104.120.92.156:443
400,104.120.92.157:80
400,104.120.92.157:443
400,104.120.92.158:80
400,104.120.92.158:443
400,104.120.92.159:443
400,104.120.92.159:80
400,104.120.92.160:80
400,104.120.92.160:443
400,104.120.92.161:80
400,104.120.92.161:443
400,104.120.92.162:80
400,104.120.92.162:443
400,104.120.92.163:80
400,104.120.92.163:443
400,104.120.92.164:443
400,104.120.92.164:80
400,104.120.92.165:80
400,104.120.92.165:443
400,104.120.92.166:80
400,104.120.92.166:443
400,104.120.92.167:80
400,104.120.92.167:443
400,104.120.92.168:80
400,104.120.92.168:443
200,104.120.92.169:80
200,104.120.92.169:443
400,104.120.92.171:443
400,104.120.92.171:80
400,104.120.92.172:80
400,104.120.92.172:443
400,104.120.92.173:80
400,104.120.92.173:443
200,104.120.92.170:80
200,104.120.92.170:443
400,104.120.92.174:443
400,104.120.92.174:80
400,104.120.92.175:80
400,104.120.92.175:443
400,104.120.92.176:80
400,104.120.92.176:443
400,104.120.92.177:80
400,104.120.92.177:443
400,104.120.92.178:80
400,104.120.92.178:443
400,104.120.92.179:80
400,104.120.92.179:443
400,104.120.92.180:80
400,104.120.92.180:443
400,104.120.92.181:80
400,104.120.92.181:443
400,104.120.92.182:80
400,104.120.92.182:443
400,104.120.92.183:80
400,104.120.92.183:443
400,104.120.92.184:80
400,104.120.92.184:443
400,104.120.92.185:80
400,104.120.92.185:443
400,104.120.92.186:80
400,104.120.92.186:443
400,104.120.92.187:80
400,104.120.92.187:443
400,104.120.92.188:80
400,104.120.92.188:443
400,104.120.92.189:443
400,104.120.92.189:80
400,104.120.92.190:80
400,104.120.92.190:443
400,104.120.92.191:80
400,104.120.92.191:443
400,104.120.92.192:80
400,104.120.92.192:443
400,104.120.92.193:80
400,104.120.92.193:443
400,104.120.92.194:80
400,104.120.92.194:443
400,104.120.92.195:443
400,104.120.92.195:80
400,104.120.92.196:80
400,104.120.92.196:443
400,104.120.92.197:80
400,104.120.92.197:443
400,104.120.92.198:80
400,104.120.92.198:443
400,104.120.92.199:80
400,104.120.92.199:443
400,104.120.92.200:80
400,104.120.92.200:443
400,104.120.92.201:80
400,104.120.92.201:443
400,104.120.92.202:80
400,104.120.92.202:443
400,104.120.92.203:80
400,104.120.92.203:443
400,104.120.92.204:80
400,104.120.92.204:443
400,104.120.92.205:80
400,104.120.92.205:443
400,104.120.92.206:80
400,104.120.92.206:443
400,104.120.92.207:80
400,104.120.92.207:443
400,104.120.92.208:80
400,104.120.92.208:443
400,104.120.92.209:80
400,104.120.92.209:443
400,104.120.92.210:443
400,104.120.92.210:80
400,104.120.92.211:80
400,104.120.92.211:443
400,104.120.92.212:80
400,104.120.92.212:443
400,104.120.92.213:80
400,104.120.92.213:443
400,104.120.92.214:80
400,104.120.92.214:443
400,104.120.92.215:80
400,104.120.92.215:443
400,104.120.92.216:80
400,104.120.92.216:443
400,104.120.92.217:80
400,104.120.92.217:443
400,104.120.92.218:80
400,104.120.92.218:443
400,104.120.92.219:443
400,104.120.92.219:80
400,104.120.92.220:80
400,104.120.92.220:443
400,104.120.92.221:80
400,104.120.92.221:443
400,104.120.92.222:80
400,104.120.92.222:443
400,104.120.92.223:80
400,104.120.92.223:443
400,104.120.92.224:80
400,104.120.92.224:443
400,104.120.92.225:443
400,104.120.92.225:80
400,104.120.92.226:80
400,104.120.92.226:443
400,104.120.92.227:443
400,104.120.92.227:80
400,104.120.92.228:80
400,104.120.92.228:443
400,104.120.92.229:80
400,104.120.92.229:443
400,104.120.92.230:80
400,104.120.92.230:443
400,104.120.92.231:80
400,104.120.92.231:443
400,104.120.92.232:80
400,104.120.92.232:443
400,104.120.92.233:80
400,104.120.92.233:443
400,104.120.92.234:80
400,104.120.92.234:443
400,104.120.92.235:80
400,104.120.92.235:443
400,104.120.92.236:80
400,104.120.92.236:443
400,104.120.92.237:80
400,104.120.92.237:443
400,104.120.92.238:80
400,104.120.92.238:443
400,104.120.92.239:80
400,104.120.92.239:443
400,104.120.92.240:443
400,104.120.92.240:80
400,104.120.92.241:80
400,104.120.92.241:443
400,104.120.92.242:80
400,104.120.92.242:443
400,104.120.92.243:80
400,104.120.92.243:443
400,104.120.92.244:80
400,104.120.92.244:443
400,104.120.92.245:80
400,104.120.92.245:443
400,104.120.92.246:80
400,104.120.92.246:443
400,104.120.92.247:80
400,104.120.92.247:443
400,104.120.92.248:80
400,104.120.92.248:443
400,104.120.92.249:80
400,104.120.92.249:443
400,104.120.92.250:443
400,104.120.92.250:80
400,104.120.92.251:80
400,104.120.92.251:443
400,104.120.92.252:80
400,104.120.92.252:443
400,104.120.92.253:80
400,104.120.92.253:443
400,104.120.92.254:80
400,104.120.92.254:443
Status code,IP address with port number
Status code,IP address with port number
400,104.17.156.185:8443
403,104.17.156.185:8080
403,104.17.156.185:80
403,104.17.156.185:443
